<?xml version="1.0"?>
<!DOCTYPE hibernate-mapping PUBLIC "-//Hibernate/Hibernate Mapping DTD 3.0//EN"
"http://www.hibernate.org/dtd/hibernate-mapping-3.0.dtd">
<!-- Generated 23-feb-2022 19:22:52 by Hibernate Tools 4.3.1 -->
<hibernate-mapping>
    <class name="m06_incidenciasok.Historial" table="historial" catalog="m06_incidencias" optimistic-lock="version">
        <id name="idevento" type="java.lang.Integer">
            <column name="idevento" />
            <generator class="identity" />
        </id>
        <many-to-one name="empleado" class="m06_incidenciasok.Empleado" fetch="select">
            <column name="empleado" length="10" not-null="true" />
        </many-to-one>
        <property name="tipo" type="string">
            <column name="tipo" length="1" not-null="true" />
        </property>
        <property name="fechahora" type="string">
            <column name="fechahora" length="50" not-null="true" />
        </property>
    </class>
</hibernate-mapping>
