<?xml version="1.0" encoding="UTF-8"?>
<project-private xmlns="http://www.netbeans.org/ns/project-private/1">
    <editor-bookmarks xmlns="http://www.netbeans.org/ns/editor-bookmarks/2" lastBookmarkId="0"/>
    <open-files xmlns="http://www.netbeans.org/ns/projectui-open-files/2">
        <group>
            <file>file:/C:/coding/java/LinkiaFP/m06/UF2IncidenciasDB4O/src/uf2incidenciasdb4o/gestoresBD/GestorDB4O.java</file>
            <file>file:/C:/coding/java/LinkiaFP/m06/UF2IncidenciasDB4O/src/uf2incidenciasdb4o/gestoresBD/GestorEmpleados.java</file>
            <file>file:/C:/coding/java/LinkiaFP/m06/UF2IncidenciasDB4O/src/uf2incidenciasdb4o/gestoresBD/GestorHistorial.java</file>
            <file>file:/C:/coding/java/LinkiaFP/m06/UF2IncidenciasDB4O/src/uf2incidenciasdb4o/HistorialBDOR.java</file>
            <file>file:/C:/coding/java/LinkiaFP/m06/UF2IncidenciasDB4O/src/uf2incidenciasdb4o/gestoresBD/GestorIncidencias.java</file>
            <file>file:/C:/coding/java/LinkiaFP/m06/UF2IncidenciasDB4O/src/uf2incidenciasdb4o/pojo/Historial.java</file>
            <file>file:/C:/coding/java/LinkiaFP/m06/UF2IncidenciasDB4O/src/uf2incidenciasdb4o/RankingItem.java</file>
            <file>file:/C:/coding/java/LinkiaFP/m06/UF2IncidenciasDB4O/src/uf2incidenciasdb4o/TestBDOR.java</file>
            <file>file:/C:/coding/java/LinkiaFP/m06/UF2IncidenciasDB4O/src/uf2incidenciasdb4o/EmpleadosBDOR.java</file>
        </group>
    </open-files>
</project-private>
