<?xml version="1.0" encoding="UTF-8"?>
<project-private xmlns="http://www.netbeans.org/ns/project-private/1">
    <editor-bookmarks xmlns="http://www.netbeans.org/ns/editor-bookmarks/2" lastBookmarkId="0"/>
    <open-files xmlns="http://www.netbeans.org/ns/projectui-open-files/2">
        <group>
            <file>file:/C:/DAM/2_anno_2_semestre/M6_acceso_a_datos/workspace8/m06_incidenciasOk/src/m06_incidenciasok/Historial.hbm.xml</file>
            <file>file:/C:/DAM/2_anno_2_semestre/M6_acceso_a_datos/workspace8/m06_incidenciasOk/src/m06_incidenciasok/Empleado.java</file>
            <file>file:/C:/DAM/2_anno_2_semestre/M6_acceso_a_datos/workspace8/m06_incidenciasOk/src/m06_opcionesMenu/HistorialORM.java</file>
            <file>file:/C:/DAM/2_anno_2_semestre/M6_acceso_a_datos/workspace8/m06_incidenciasOk/src/hibernate.cfg.xml</file>
            <file>file:/C:/DAM/2_anno_2_semestre/M6_acceso_a_datos/workspace8/m06_incidenciasOk/src/m06_opcionesMenu/EmpleadosORM.java</file>
            <file>file:/C:/DAM/2_anno_2_semestre/M6_acceso_a_datos/workspace8/m06_incidenciasOk/src/m06_incidenciasok/Empleado.hbm.xml</file>
            <file>file:/C:/DAM/2_anno_2_semestre/M6_acceso_a_datos/workspace8/m06_incidenciasOk/src/m06_incidenciasok/Incidencia.hbm.xml</file>
            <file>file:/C:/DAM/2_anno_2_semestre/M6_acceso_a_datos/workspace8/m06_incidenciasOk/src/m06_opcionesMenu/IncidenciasORM.java</file>
            <file>file:/C:/DAM/2_anno_2_semestre/M6_acceso_a_datos/workspace8/m06_incidenciasOk/src/m06_opcionesMenu/TestORM.java</file>
        </group>
    </open-files>
</project-private>
