<?xml version="1.0" encoding="UTF-8"?>
<project-private xmlns="http://www.netbeans.org/ns/project-private/1">
    <editor-bookmarks xmlns="http://www.netbeans.org/ns/editor-bookmarks/2" lastBookmarkId="0"/>
    <open-files xmlns="http://www.netbeans.org/ns/projectui-open-files/2">
        <group>
            <file>file:/C:/Users/Sara/Documents/NetBeansProjects/Actividad04/src/ClasesXND/HistorialXND.java</file>
            <file>file:/C:/Users/Sara/Documents/NetBeansProjects/Actividad04/src/ClasesXND/TestXND.java</file>
            <file>file:/C:/Users/Sara/Documents/NetBeansProjects/Actividad04/src/ClasesXND/GestionXND.java</file>
            <file>file:/C:/Users/Sara/Documents/NetBeansProjects/Actividad04/src/ClasesXND/EmpleadosXND.java</file>
            <file>file:/C:/Users/Sara/Documents/NetBeansProjects/Actividad04/src/ClasesXND/IncidenciasXND.java</file>
        </group>
    </open-files>
</project-private>
