<?xml version="1.0" encoding="UTF-8"?>
<project-private xmlns="http://www.netbeans.org/ns/project-private/1">
    <editor-bookmarks xmlns="http://www.netbeans.org/ns/editor-bookmarks/2" lastBookmarkId="0"/>
    <open-files xmlns="http://www.netbeans.org/ns/projectui-open-files/2">
        <group>
            <file>file:/Volumes/Dades/linkiaFP-MAC/DAM-M06/Clase06/DAM-M6-UF2-Cla06_accesoHibernate/src/damhibgym/GymORM.java</file>
            <file>file:/Volumes/Dades/linkiaFP-MAC/DAM-M06/Clase06/DAM-M6-UF2-Cla06_accesoHibernate/src/pojos/Matricula.hbm.xml</file>
            <file>file:/Volumes/Dades/linkiaFP-MAC/DAM-M06/Clase06/DAM-M6-UF2-Cla06_accesoHibernate/src/damhibgym/DamHibGym.java</file>
            <file>file:/Volumes/Dades/linkiaFP-MAC/DAM-M06/Clase06/DAM-M6-UF2-Cla06_accesoHibernate/src/pojos/Matricula.java</file>
        </group>
    </open-files>
</project-private>
