<?xml version="1.0"?>
<!DOCTYPE hibernate-mapping PUBLIC "-//Hibernate/Hibernate Mapping DTD 3.0//EN"
"http://www.hibernate.org/dtd/hibernate-mapping-3.0.dtd">
<!-- Generated 07-feb-2017 10:20:14 by Hibernate Tools 4.3.1 -->
<hibernate-mapping>
    <class name="accesohibernate.Album" table="album" catalog="discografica" optimistic-lock="version">
        <id name="id" type="int">
            <column name="id" />
            <generator class="assigned" />
        </id>
        <property name="titulo" type="string">
            <column name="titulo" length="20" not-null="true" />
        </property>
        <property name="autor" type="string">
            <column name="autor" length="20" not-null="true" />
        </property>
    </class>
</hibernate-mapping>
