<?xml version="1.0" encoding="UTF-8"?>
<project-private xmlns="http://www.netbeans.org/ns/project-private/1">
    <editor-bookmarks xmlns="http://www.netbeans.org/ns/editor-bookmarks/2" lastBookmarkId="0"/>
    <open-files xmlns="http://www.netbeans.org/ns/projectui-open-files/2">
        <group>
            <file>file:/Volumes/Dades/linkiaFP-MAC/DAM-M06/Clase04/DAM-M6-UF2-Cla04_commit/src/Gestor_conexion.java</file>
            <file>file:/Volumes/Dades/linkiaFP-MAC/DAM-M06/Clase04/DAM-M6-UF2-Cla04_commit/src/AccesoJDBC.java</file>
        </group>
    </open-files>
</project-private>
