<?xml version="1.0"?>
<!DOCTYPE hibernate-mapping PUBLIC "-//Hibernate/Hibernate Mapping DTD 3.0//EN"
"http://www.hibernate.org/dtd/hibernate-mapping-3.0.dtd">
<!-- Generated 17-feb-2017 9:27:20 by Hibernate Tools 4.3.1 -->
<hibernate-mapping>
    <class name="pojos.Matricula" table="matricula" catalog="dam_gym" optimistic-lock="version">
        <id name="idmatricula" type="java.lang.Integer">
            <column name="idmatricula" />
            <generator class="identity" />
        </id>
        <many-to-one name="actividad" class="pojos.Actividad" fetch="select">
            <column name="actividad" length="20" not-null="true" />
        </many-to-one>
        <many-to-one name="socio" class="pojos.Socio" fetch="select">
            <column name="socio" not-null="true" />
        </many-to-one>
        <property name="fecha" type="string">
            <column name="fecha" length="45" not-null="true" />
        </property>
    </class>
</hibernate-mapping>
