<?xml version="1.0"?>
<!DOCTYPE hibernate-mapping PUBLIC "-//Hibernate/Hibernate Mapping DTD 3.0//EN"
"http://www.hibernate.org/dtd/hibernate-mapping-3.0.dtd">
<!-- Generated 17-feb-2017 9:27:20 by Hibernate Tools 4.3.1 -->
<hibernate-mapping>
    <class name="pojos.Socio" table="socio" catalog="dam_gym" optimistic-lock="version">
        <id name="numsocio" type="int">
            <column name="numsocio" />
            <generator class="assigned" />
        </id>
        <property name="nombre" type="string">
            <column name="nombre" length="45" not-null="true" />
        </property>
        <property name="apellidos" type="string">
            <column name="apellidos" length="45" not-null="true" />
        </property>
        <set name="matriculas" table="matricula" inverse="true" lazy="true" fetch="select">
            <key>
                <column name="socio" not-null="true" />
            </key>
            <one-to-many class="pojos.Matricula" />
        </set>
    </class>
</hibernate-mapping>
